{
  "frames": {
    "poof09.png": {
      "frame": {
        "x": 6,
        "y": 6,
        "w": 100,
        "h": 98
      },
      "rotated": false,
      "trimmed": true,
      "spriteSourceSize": {
        "x": 12,
        "y": 0,
        "w": 100,
        "h": 98
      },
      "sourceSize": {
        "w": 112,
        "h": 98
      },
      "pivot": {
        "x": 0.5,
        "y": 0.5
      }
    },
    "poof12.png": {
      "frame": {
        "x": 6,
        "y": 116,
        "w": 112,
        "h": 84
      },
      "rotated": false,
      "trimmed": true,
      "spriteSourceSize": {
        "x": 0,
        "y": 0,
        "w": 112,
        "h": 84
      },
      "sourceSize": {
        "w": 112,
        "h": 98
      },
      "pivot": {
        "x": 0.5,
        "y": 0.5
      }
    },
    "poof03.png": {
      "frame": {
        "x": 118,
        "y": 6,
        "w": 107,
        "h": 88
      },
      "rotated": false,
      "trimmed": true,
      "spriteSourceSize": {
        "x": 5,
        "y": 0,
        "w": 107,
        "h": 88
      },
      "sourceSize": {
        "w": 112,
        "h": 88
      },
      "pivot": {
        "x": 0.5,
        "y": 0.5
      }
    },
    "poof10.png": {
      "frame": {
        "x": 130,
        "y": 106,
        "w": 94,
        "h": 98
      },
      "rotated": false,
      "trimmed": true,
      "spriteSourceSize": {
        "x": 18,
        "y": 0,
        "w": 94,
        "h": 98
      },
      "sourceSize": {
        "w": 112,
        "h": 98
      },
      "pivot": {
        "x": 0.5,
        "y": 0.5
      }
    },
    "poof07.png": {
      "frame": {
        "x": 6,
        "y": 212,
        "w": 96,
        "h": 95
      },
      "rotated": false,
      "trimmed": true,
      "spriteSourceSize": {
        "x": 14,
        "y": 0,
        "w": 96,
        "h": 95
      },
      "sourceSize": {
        "w": 110,
        "h": 95
      },
      "pivot": {
        "x": 0.5,
        "y": 0.5
      }
    },
    "poof05.png": {
      "frame": {
        "x": 114,
        "y": 216,
        "w": 98,
        "h": 86
      },
      "rotated": false,
      "trimmed": true,
      "spriteSourceSize": {
        "x": 10,
        "y": 0,
        "w": 98,
        "h": 86
      },
      "sourceSize": {
        "w": 110,
        "h": 96
      },
      "pivot": {
        "x": 0.5,
        "y": 0.5
      }
    },
    "poof06.png": {
      "frame": {
        "x": 224,
        "y": 216,
        "w": 98,
        "h": 83
      },
      "rotated": false,
      "trimmed": true,
      "spriteSourceSize": {
        "x": 10,
        "y": 4,
        "w": 98,
        "h": 83
      },
      "sourceSize": {
        "w": 112,
        "h": 96
      },
      "pivot": {
        "x": 0.5,
        "y": 0.5
      }
    },
    "poof04.png": {
      "frame": {
        "x": 236,
        "y": 106,
        "w": 88,
        "h": 87
      },
      "rotated": false,
      "trimmed": true,
      "spriteSourceSize": {
        "x": 3,
        "y": 0,
        "w": 88,
        "h": 87
      },
      "sourceSize": {
        "w": 109,
        "h": 94
      },
      "pivot": {
        "x": 0.5,
        "y": 0.5
      }
    },
    "poof02.png": {
      "frame": {
        "x": 237,
        "y": 6,
        "w": 91,
        "h": 84
      },
      "rotated": false,
      "trimmed": true,
      "spriteSourceSize": {
        "x": 9,
        "y": 0,
        "w": 91,
        "h": 84
      },
      "sourceSize": {
        "w": 111,
        "h": 86
      },
      "pivot": {
        "x": 0.5,
        "y": 0.5
      }
    },
    "poof08.png": {
      "frame": {
        "x": 224,
        "y": 311,
        "w": 95,
        "h": 76
      },
      "rotated": false,
      "trimmed": true,
      "spriteSourceSize": {
        "x": 13,
        "y": 5,
        "w": 95,
        "h": 76
      },
      "sourceSize": {
        "w": 112,
        "h": 95
      },
      "pivot": {
        "x": 0.5,
        "y": 0.5
      }
    },
    "poof11.png": {
      "frame": {
        "x": 114,
        "y": 314,
        "w": 85,
        "h": 72
      },
      "rotated": false,
      "trimmed": true,
      "spriteSourceSize": {
        "x": 20,
        "y": 11,
        "w": 85,
        "h": 72
      },
      "sourceSize": {
        "w": 110,
        "h": 95
      },
      "pivot": {
        "x": 0.5,
        "y": 0.5
      }
    },
    "poof01.png": {
      "frame": {
        "x": 6,
        "y": 319,
        "w": 76,
        "h": 65
      },
      "rotated": false,
      "trimmed": true,
      "spriteSourceSize": {
        "x": 11,
        "y": 4,
        "w": 76,
        "h": 65
      },
      "sourceSize": {
        "w": 90,
        "h": 75
      },
      "pivot": {
        "x": 0.5,
        "y": 0.5
      }
    }
  },
  "meta": {
    "app": "http://free-tex-packer.com",
    "version": "0.6.7",
    "image": "texture.png",
    "format": "RGBA8888",
    "size": {
      "w": 334,
      "h": 393
    },
    "scale": 1
  }
}