{
  "frames": {
    "poof04.png": {
      "frame": {
        "x": 9,
        "y": 9,
        "w": 112,
        "h": 98
      },
      "rotated": false,
      "trimmed": false,
      "spriteSourceSize": {
        "x": 0,
        "y": 0,
        "w": 112,
        "h": 98
      },
      "sourceSize": {
        "w": 112,
        "h": 98
      },
      "pivot": {
        "x": 0.5,
        "y": 0.5
      }
    },
    "poof05.png": {
      "frame": {
        "x": 9,
        "y": 125,
        "w": 112,
        "h": 98
      },
      "rotated": false,
      "trimmed": false,
      "spriteSourceSize": {
        "x": 0,
        "y": 0,
        "w": 112,
        "h": 98
      },
      "sourceSize": {
        "w": 112,
        "h": 98
      },
      "pivot": {
        "x": 0.5,
        "y": 0.5
      }
    },
    "poof06.png": {
      "frame": {
        "x": 139,
        "y": 9,
        "w": 112,
        "h": 89
      },
      "rotated": true,
      "trimmed": true,
      "spriteSourceSize": {
        "x": 0,
        "y": 0,
        "w": 112,
        "h": 89
      },
      "sourceSize": {
        "w": 112,
        "h": 98
      },
      "pivot": {
        "x": 0.5,
        "y": 0.5
      }
    },
    "poof08.png": {
      "frame": {
        "x": 9,
        "y": 241,
        "w": 112,
        "h": 84
      },
      "rotated": false,
      "trimmed": true,
      "spriteSourceSize": {
        "x": 0,
        "y": 0,
        "w": 112,
        "h": 84
      },
      "sourceSize": {
        "w": 112,
        "h": 98
      },
      "pivot": {
        "x": 0.5,
        "y": 0.5
      }
    },
    "poof11.png": {
      "frame": {
        "x": 246,
        "y": 9,
        "w": 112,
        "h": 98
      },
      "rotated": true,
      "trimmed": false,
      "spriteSourceSize": {
        "x": 0,
        "y": 0,
        "w": 112,
        "h": 98
      },
      "sourceSize": {
        "w": 112,
        "h": 98
      },
      "pivot": {
        "x": 0.5,
        "y": 0.5
      }
    },
    "poof12.png": {
      "frame": {
        "x": 139,
        "y": 139,
        "w": 112,
        "h": 84
      },
      "rotated": true,
      "trimmed": true,
      "spriteSourceSize": {
        "x": 0,
        "y": 0,
        "w": 112,
        "h": 84
      },
      "sourceSize": {
        "w": 112,
        "h": 98
      },
      "pivot": {
        "x": 0.5,
        "y": 0.5
      }
    },
    "poof03.png": {
      "frame": {
        "x": 241,
        "y": 139,
        "w": 107,
        "h": 88
      },
      "rotated": true,
      "trimmed": true,
      "spriteSourceSize": {
        "x": 5,
        "y": 0,
        "w": 107,
        "h": 88
      },
      "sourceSize": {
        "w": 112,
        "h": 88
      },
      "pivot": {
        "x": 0.5,
        "y": 0.5
      }
    },
    "poof09.png": {
      "frame": {
        "x": 9,
        "y": 343,
        "w": 100,
        "h": 98
      },
      "rotated": false,
      "trimmed": true,
      "spriteSourceSize": {
        "x": 12,
        "y": 0,
        "w": 100,
        "h": 98
      },
      "sourceSize": {
        "w": 112,
        "h": 98
      },
      "pivot": {
        "x": 0.5,
        "y": 0.5
      }
    },
    "poof10.png": {
      "frame": {
        "x": 127,
        "y": 343,
        "w": 94,
        "h": 98
      },
      "rotated": false,
      "trimmed": true,
      "spriteSourceSize": {
        "x": 18,
        "y": 0,
        "w": 94,
        "h": 98
      },
      "sourceSize": {
        "w": 112,
        "h": 98
      },
      "pivot": {
        "x": 0.5,
        "y": 0.5
      }
    },
    "poof02.png": {
      "frame": {
        "x": 241,
        "y": 264,
        "w": 91,
        "h": 84
      },
      "rotated": false,
      "trimmed": true,
      "spriteSourceSize": {
        "x": 9,
        "y": 0,
        "w": 91,
        "h": 84
      },
      "sourceSize": {
        "w": 111,
        "h": 86
      },
      "pivot": {
        "x": 0.5,
        "y": 0.5
      }
    },
    "poof01.png": {
      "frame": {
        "x": 239,
        "y": 366,
        "w": 76,
        "h": 65
      },
      "rotated": false,
      "trimmed": true,
      "spriteSourceSize": {
        "x": 11,
        "y": 4,
        "w": 76,
        "h": 65
      },
      "sourceSize": {
        "w": 90,
        "h": 75
      },
      "pivot": {
        "x": 0.5,
        "y": 0.5
      }
    },
    "gordito (10).png": {
      "frame": {
        "x": 139,
        "y": 269,
        "w": 58,
        "h": 41
      },
      "rotated": false,
      "trimmed": false,
      "spriteSourceSize": {
        "x": 0,
        "y": 0,
        "w": 58,
        "h": 41
      },
      "sourceSize": {
        "w": 58,
        "h": 41
      },
      "pivot": {
        "x": 0.5,
        "y": 0.5
      }
    },
    "gordito (11).png": {
      "frame": {
        "x": 362,
        "y": 9,
        "w": 57,
        "h": 41
      },
      "rotated": true,
      "trimmed": false,
      "spriteSourceSize": {
        "x": 0,
        "y": 0,
        "w": 57,
        "h": 41
      },
      "sourceSize": {
        "w": 57,
        "h": 41
      },
      "pivot": {
        "x": 0.5,
        "y": 0.5
      }
    },
    "gordito (12).png": {
      "frame": {
        "x": 347,
        "y": 139,
        "w": 56,
        "h": 41
      },
      "rotated": false,
      "trimmed": false,
      "spriteSourceSize": {
        "x": 0,
        "y": 0,
        "w": 56,
        "h": 41
      },
      "sourceSize": {
        "w": 56,
        "h": 41
      },
      "pivot": {
        "x": 0.5,
        "y": 0.5
      }
    },
    "gordito (13).png": {
      "frame": {
        "x": 350,
        "y": 198,
        "w": 53,
        "h": 41
      },
      "rotated": false,
      "trimmed": true,
      "spriteSourceSize": {
        "x": 0,
        "y": 0,
        "w": 53,
        "h": 41
      },
      "sourceSize": {
        "w": 54,
        "h": 41
      },
      "pivot": {
        "x": 0.5,
        "y": 0.5
      }
    },
    "gordito (9).png": {
      "frame": {
        "x": 350,
        "y": 257,
        "w": 52,
        "h": 41
      },
      "rotated": false,
      "trimmed": true,
      "spriteSourceSize": {
        "x": 1,
        "y": 0,
        "w": 52,
        "h": 41
      },
      "sourceSize": {
        "w": 53,
        "h": 41
      },
      "pivot": {
        "x": 0.5,
        "y": 0.5
      }
    },
    "gordito (8).png": {
      "frame": {
        "x": 350,
        "y": 316,
        "w": 50,
        "h": 41
      },
      "rotated": false,
      "trimmed": true,
      "spriteSourceSize": {
        "x": 3,
        "y": 0,
        "w": 50,
        "h": 41
      },
      "sourceSize": {
        "w": 54,
        "h": 41
      },
      "pivot": {
        "x": 0.5,
        "y": 0.5
      }
    },
    "gordito (14).png": {
      "frame": {
        "x": 333,
        "y": 375,
        "w": 49,
        "h": 41
      },
      "rotated": true,
      "trimmed": true,
      "spriteSourceSize": {
        "x": 3,
        "y": 0,
        "w": 49,
        "h": 41
      },
      "sourceSize": {
        "w": 54,
        "h": 41
      },
      "pivot": {
        "x": 0.5,
        "y": 0.5
      }
    },
    "gordito (1).png": {
      "frame": {
        "x": 420,
        "y": 257,
        "w": 42,
        "h": 41
      },
      "rotated": false,
      "trimmed": true,
      "spriteSourceSize": {
        "x": 0,
        "y": 0,
        "w": 42,
        "h": 41
      },
      "sourceSize": {
        "w": 47,
        "h": 41
      },
      "pivot": {
        "x": 0.5,
        "y": 0.5
      }
    },
    "gordito (15).png": {
      "frame": {
        "x": 421,
        "y": 9,
        "w": 42,
        "h": 41
      },
      "rotated": true,
      "trimmed": true,
      "spriteSourceSize": {
        "x": 1,
        "y": 0,
        "w": 42,
        "h": 41
      },
      "sourceSize": {
        "w": 45,
        "h": 41
      },
      "pivot": {
        "x": 0.5,
        "y": 0.5
      }
    },
    "gordito (4).png": {
      "frame": {
        "x": 421,
        "y": 69,
        "w": 42,
        "h": 41
      },
      "rotated": true,
      "trimmed": true,
      "spriteSourceSize": {
        "x": 2,
        "y": 0,
        "w": 42,
        "h": 41
      },
      "sourceSize": {
        "w": 47,
        "h": 41
      },
      "pivot": {
        "x": 0.5,
        "y": 0.5
      }
    },
    "gordito (6).png": {
      "frame": {
        "x": 421,
        "y": 129,
        "w": 42,
        "h": 41
      },
      "rotated": true,
      "trimmed": true,
      "spriteSourceSize": {
        "x": 4,
        "y": 0,
        "w": 42,
        "h": 41
      },
      "sourceSize": {
        "w": 47,
        "h": 41
      },
      "pivot": {
        "x": 0.5,
        "y": 0.5
      }
    },
    "gordito (7).png": {
      "frame": {
        "x": 421,
        "y": 189,
        "w": 42,
        "h": 41
      },
      "rotated": true,
      "trimmed": true,
      "spriteSourceSize": {
        "x": 1,
        "y": 0,
        "w": 42,
        "h": 41
      },
      "sourceSize": {
        "w": 47,
        "h": 41
      },
      "pivot": {
        "x": 0.5,
        "y": 0.5
      }
    },
    "gordito (16).png": {
      "frame": {
        "x": 418,
        "y": 316,
        "w": 41,
        "h": 41
      },
      "rotated": false,
      "trimmed": true,
      "spriteSourceSize": {
        "x": 1,
        "y": 0,
        "w": 41,
        "h": 41
      },
      "sourceSize": {
        "w": 45,
        "h": 41
      },
      "pivot": {
        "x": 0.5,
        "y": 0.5
      }
    },
    "gordito (17).png": {
      "frame": {
        "x": 392,
        "y": 375,
        "w": 41,
        "h": 41
      },
      "rotated": false,
      "trimmed": true,
      "spriteSourceSize": {
        "x": 2,
        "y": 0,
        "w": 41,
        "h": 41
      },
      "sourceSize": {
        "w": 45,
        "h": 41
      },
      "pivot": {
        "x": 0.5,
        "y": 0.5
      }
    },
    "gordito (18).png": {
      "frame": {
        "x": 9,
        "y": 459,
        "w": 41,
        "h": 41
      },
      "rotated": false,
      "trimmed": true,
      "spriteSourceSize": {
        "x": 2,
        "y": 0,
        "w": 41,
        "h": 41
      },
      "sourceSize": {
        "w": 45,
        "h": 41
      },
      "pivot": {
        "x": 0.5,
        "y": 0.5
      }
    },
    "gordito (2).png": {
      "frame": {
        "x": 68,
        "y": 459,
        "w": 41,
        "h": 41
      },
      "rotated": false,
      "trimmed": true,
      "spriteSourceSize": {
        "x": 4,
        "y": 0,
        "w": 41,
        "h": 41
      },
      "sourceSize": {
        "w": 47,
        "h": 41
      },
      "pivot": {
        "x": 0.5,
        "y": 0.5
      }
    },
    "gordito (3).png": {
      "frame": {
        "x": 127,
        "y": 459,
        "w": 41,
        "h": 41
      },
      "rotated": false,
      "trimmed": true,
      "spriteSourceSize": {
        "x": 3,
        "y": 0,
        "w": 41,
        "h": 41
      },
      "sourceSize": {
        "w": 47,
        "h": 41
      },
      "pivot": {
        "x": 0.5,
        "y": 0.5
      }
    },
    "gordito (5).png": {
      "frame": {
        "x": 186,
        "y": 459,
        "w": 41,
        "h": 41
      },
      "rotated": false,
      "trimmed": true,
      "spriteSourceSize": {
        "x": 4,
        "y": 0,
        "w": 41,
        "h": 41
      },
      "sourceSize": {
        "w": 47,
        "h": 41
      },
      "pivot": {
        "x": 0.5,
        "y": 0.5
      }
    }
  },
  "meta": {
    "app": "http://free-tex-packer.com",
    "version": "0.6.7",
    "image": "texture.png",
    "format": "RGBA8888",
    "size": {
      "w": 471,
      "h": 509
    },
    "scale": 1
  }
}